{
  "SR6.Attributes": "속성",
  "SR6.Body": "체력",
  "SR6.Agility": "민첩",
  "SR6.Reaction": "반응",
  "SR6.Strength": "근력",
  "SR6.Willpower": "의지력",
  "SR6.Logic": "논리력",
  "SR6.Intuition": "직관력",
  "SR6.Charisma": "매력",
  "SR6.Edge": "에지",
  "SR6.Magic": "마법",
  "SR6.Resonance": "레조넌스",
  "SR6.Essence": "에센스",
  
  "SR6.Skills": "기술",
  "SR6.CombatSkills": "전투 기술",
  "SR6.PhysicalSkills": "육체 기술",
  "SR6.SocialSkills": "사회 기술",
  "SR6.MagicalSkills": "마법 기술",
  "SR6.ResonanceSkills": "레조넌스 기술",
  "SR6.VehicleSkills": "차량 기술",
  "SR6.TechnicalSkills": "기술적 기술",
  
  "SR6.Close Combat": "근접 전투",
  "SR6.Firearms": "총기류",
  "SR6.Athletics": "운동",
  "SR6.Stealth": "은신",
  "SR6.Influence": "영향력",
  "SR6.Electronics": "전자",
  "SR6.Engineering": "공학",
  "SR6.Biotech": "생체공학",
  "SR6.Conjuring": "소환",
  "SR6.Enchanting": "마법부여",
  "SR6.Sorcery": "주술",
  "SR6.Tasking": "태스킹",
  "SR6.Cracking": "크래킹",
  
  "SR6.Gear": "장비",
  "SR6.Weapons": "무기",
  "SR6.Armor": "방어구",
  "SR6.Cyberware": "사이버웨어",
  "SR6.Bioware": "바이오웨어",
  "SR6.Spells": "주문",
  "SR6.Spirits": "정령",
  "SR6.Contacts": "컨택",
  
  "SR6.Combat": "전투",
  "SR6.Initiative": "이니셔티브",
  "SR6.Attack": "공격",
  "SR6.Defense": "방어",
  "SR6.Damage": "피해",
  "SR6.Soak": "내성",
  "SR6.Physical": "물리",
  "SR6.Stun": "기절",
  "SR6.Matrix": "매트릭스",
  "SR6.Astral": "아스트랄",
  
  "SR6.Character": "캐릭터",
  "SR6.Metatype": "메타타입",
  "SR6.Human": "인간",
  "SR6.Elf": "엘프",
  "SR6.Dwarf": "드워프",
  "SR6.Ork": "오크",
  "SR6.Troll": "트롤",
  
  "SR6.Lifestyle": "생활방식",
  "SR6.Street": "거리",
  "SR6.Squatter": "무단점유자",
  "SR6.Low": "저급",
  "SR6.Medium": "중급",
  "SR6.High": "고급",
  "SR6.Luxury": "호화",
  
  "SR6.Nuyen": "뉴엔",
  "SR6.Karma": "카르마",
  "SR6.Reputation": "평판",
  "SR6.StreetCred": "스트리트 크레드",
  "SR6.Notoriety": "악명",
  "SR6.PublicAwareness": "대중 인지도",
  
  "SR6.Save": "저장",
  "SR6.Cancel": "취소",
  "SR6.Delete": "삭제",
  "SR6.Edit": "편집",
  "SR6.Add": "추가",
  "SR6.Remove": "제거",
  "SR6.Roll": "굴림",
  "SR6.Success": "성공",
  "SR6.Failure": "실패",
  "SR6.Glitch": "글리치",
  "SR6.CriticalGlitch": "치명적 글리치"
} 