{
    "id": "shadowrun-6th-ko-translation",
    "title": "Shadowrun 6th Edition - Korean Translation",
    "description": "섀도러런 6판 한국어 번역 모듈",
    "version": "0.0.1",
    "compatibility": {
        "minimum": "12",
        "verified": "12",
        "maximum": "12"
    },
    "authors": [
        {
            "name": "Witsae",
            "email": "witsae@example.com"
        }
    ],
    "esmodules": [
        "scripts/module.js"
    ],
    "languages": [
        {
            "lang": "ko",
            "name": "한국어",
            "path": "lang/ko.json"
        }
    ],
    "relationships": {
        "systems": [
            {
                "id": "shadowrun6-eden",
                "type": "system",
                "manifest": "https://github.com/yjeroen/foundry-shadowrun6-eden/releases/latest/download/system.json",
                "compatibility": {
                    "verified": "0.9.0"
                }
            }
        ]
    },
    "url": "https://github.com/Witsae/shadowrun-6th-ko-translation",
    "manifest": "https://raw.githubusercontent.com/Witsae/shadowrun-6th-ko-translation/main/module.json",
    "download": "https://raw.githubusercontent.com/Witsae/shadowrun-6th-ko-translation/main/module.zip",
    "license": "LICENSE.txt"
}